<?xml version='1.0' encoding="utf-8"?>

<toc version="2.0">
<!-- First tocitem specifies top level in Help browser Contents pane -->
<!-- This can be a roadmap page, as shown below, or a content page -->
    <tocitem target="modelui.html">ModelUI
        <!-- Nest tocitems to create hierarchical entries in  Contents-->
        <!-- To include icons, use the following syntax for tocitems: -->
        <!-- <tocitem target="foo.html" image="HelpIcon.NAME"> -->
        <!-- Title-of-Section </tocitem> -->
        <!-- where NAME is one of the following (use capital letters): -->
        <!-- FUNCTION, USER_GUIDE, EXAMPLES, BLOCK, GETTING_STARTED, -->
        <!-- DEMOS, RELEASE_NOTES --> 
        <!-- Icon images used for these entries are also stored in -->
        <!-- matlabroot/toolbox/matlab/icons -->
        <!-- A Getting Started Guide usually comes first -->
        <!-- Function reference next -->
        <!-- First item is page describing function categories, if any -->
        <!-- First category, with link to anchor in above page -->
        <!-- Inside category, list its functions alphabetically -->

        <!-- User Guide comes next -->
        <tocitem target="modelui_guide.html" 
            image="HelpIcon.USER_GUIDE">ModelUI User Guide
            <tocitem target="modelui_menus.html">Menu options</tocitem>    
            <tocitem target="modelui_tabs.html">Tab options</tocitem>    
            <tocitem target="modelui_examples.html">ModelUI examples</tocitem>  
        </tocitem>
    </tocitem>    
        <!-- Optional List of Examples, with hyperlinks to examples in other files -->
        <!-- Optional link or links to your or other Web sites -->  
</toc>